id,question,category,paper,expected_route,expected_page,expected_visual_evidence,strategy,route,routing_reason,routing_latency_ms,vision_used,selected_page,query_embedding_latency_ms,reranking_latency_ms,page_rendering_latency_ms,vision_analysis_latency_ms,answer_generation_latency_ms,total_latency_ms,cache_state,answer,sources,error
T05,GPT-2가 zero-shot task 수행 가능성을 보여주기 위해 사용한 핵심 학습 방식은 무엇인가요?,text,gpt2,TEXT_ONLY,,,always_vision,VISUAL_REQUIRED,always_vision strategy,0.0,True,10,1037.7382999286056,2639.551399741322,93.40859996154904,3928.578299935907,1727.4249996989965,9449.2146,warm,"GPT-2는 ""maximize the likelihood of a sufficiently varied text corpus""를 목표로 하는 언어 모델링 기반의 비감독 학습 방식을 사용하여 zero-shot task 수행 가능성을 보여주었다. 이 학습 방식은 다양한 작업을 수행할 수 있도록 모델을 학습시키며, 명시적인 감독 없이도 가능하다.","[{""page"": 10, ""chunk"": ""page-10-chunk-1"", ""retrieval_score"": 0.6273741722106934, ""rerank_score"": 0.9947799444198608}, {""page"": 4, ""chunk"": ""page-4-chunk-2"", ""retrieval_score"": 0.6251065135002136, ""rerank_score"": 0.9928786158561707}, {""page"": 1, ""chunk"": ""page-1-chunk-1"", ""retrieval_score"": 0.6330510377883911, ""rerank_score"": 0.9921841025352478}]",
T06,WebText 데이터셋을 구축한 목적과 특징을 설명해 주세요.,text,gpt2,TEXT_ONLY,,,always_vision,VISUAL_REQUIRED,always_vision strategy,0.0,True,3,893.1412999518216,2558.136499952525,84.04739992693067,6638.143300078809,4369.2554999142885,14563.7958,warm,"WebText 데이터셋은 대규모 웹 스크래핑 데이터의 품질 문제를 해결하기 위해 구축되었습니다. 이 데이터셋은 인간이 필터링하거나 정리한 웹 페이지만을 대상으로 수집하여 문서의 품질을 강조하고 있습니다. 구체적으로, Reddit에서 최소 3 karma를 받은 외부 링크를 기준으로 수집되었습니다. 이는 링크가 흥미롭거나 교육적이거나 유머러스하다는 사용자 평가를 반영하는 휴리스틱 지표로 사용되었습니다.

WebText는 HTML 응답에서 텍스트를 추출하기 위해 Dragnet과 Newspaper라는 콘텐츠 추출기의 조합을 사용하였습니다. 데이터셋은 2017년 12월 이후 생성된 링크를 포함하지 않으며, 중복 제거 및 휴리스틱 기반 정제 후 약 800만 개의 문서를 포함하고, 총 40GB의 텍스트를 포함합니다. 또한, Wikipedia 문서는 WebText에서 제거되었습니다. 이는 Wikipedia가 다른 데이터셋의 공통 데이터 소스로 사용되기 때문에 분석의 복잡성을 줄이기 위한 조치입니다.","[{""page"": 3, ""chunk"": ""page-3-chunk-2"", ""retrieval_score"": 0.5699784755706787, ""rerank_score"": 0.9984512329101562}, {""page"": 8, ""chunk"": ""page-8-chunk-1"", ""retrieval_score"": 0.5104498267173767, ""rerank_score"": 0.6388352513313293}, {""page"": 8, ""chunk"": ""page-8-chunk-2"", ""retrieval_score"": 0.4865758419036865, ""rerank_score"": 0.23934932053089142}]",
T07,GPT-2 논문에서 모델 크기가 증가할수록 어떤 전반적인 성능 경향이 관찰되었나요?,text,gpt2,TEXT_ONLY,,,always_vision,VISUAL_REQUIRED,always_vision strategy,0.0,True,10,899.5020999573171,2564.6186000667512,74.65590024366975,5366.782199591398,2425.7791000418365,11349.2832,warm,"GPT-2 논문에서 모델 크기가 증가할수록 어떤 전반적인 성능 경향이 관찰되었는지에 대한 직접적인 수치적 데이터나 그래프는 제공된 문서에서 확인되지 않았습니다. 그러나 결론 섹션에서는 ""a sufficiently large and diverse dataset""과 ""high-capacity models""가 언급되며, 이러한 모델이 다양한 도메인과 데이터셋에서 잘 수행된다고 설명되어 있습니다. 그러나 모델 크기의 증가에 따른 성능 향상의 구체적인 경향은 명시적으로 언급되지 않았습니다.","[{""page"": 10, ""chunk"": ""page-10-chunk-1"", ""retrieval_score"": 0.6246680021286011, ""rerank_score"": 0.7341195344924927}, {""page"": 13, ""chunk"": ""page-13-chunk-1"", ""retrieval_score"": 0.6259390115737915, ""rerank_score"": 0.5310877561569214}, {""page"": 6, ""chunk"": ""page-6-chunk-1"", ""retrieval_score"": 0.6211656332015991, ""rerank_score"": 0.39606815576553345}]",
E06,Figure 1에서 모델 크기가 증가할수록 각 zero-shot task의 성능이 어떻게 변화하는지 설명해 주세요.,explicit_visual,gpt2,VISUAL_REQUIRED,2,GPT-2 Figure 1,always_vision,VISUAL_REQUIRED,always_vision strategy,0.0,True,2,895.3358000144362,2571.48540019989,115.25470018386841,6617.173600010574,4358.7507996708155,14578.8607,warm,"Figure 1의 시각적 정보에 따르면, 모델 크기가 증가함에 따라 각 zero-shot task의 성능이 향상되는 경향을 보입니다. 구체적으로:

1. **Reading Comprehension**: F1 점수가 모델 크기 증가에 따라 꾸준히 상승하며, 1542M 파라미터에서 DrQA+PGNet 수준에 근접합니다.
2. **Translation**: BLEU 점수도 모델 크기 증가에 따라 지속적으로 향상되며, 1542M 파라미터에서 15점 이상으로 상승합니다.
3. **Summarization**: ROUGE 점수는 모델 크기 증가에 따라 증가하는 추세를 보이며, 1542M 파라미터에서 상당한 성능 향상을 기록합니다.
4. **Question Answering**: Accuracy는 모델 크기 증가에 따라 향상되며, 1542M 파라미터에서 높은 수준의 성능을 나타냅니다.

이러한 결과는 모델 크기가 커질수록 zero-shot 환경에서도 다양한 NLP 작업에서 더 나은 성능을 보인다는 것을 시사합니다.","[{""page"": 2, ""chunk"": ""page-2-chunk-1"", ""retrieval_score"": 0.5535433888435364, ""rerank_score"": 0.9964063763618469}, {""page"": 9, ""chunk"": ""page-9-chunk-1"", ""retrieval_score"": 0.5150644779205322, ""rerank_score"": 0.6791787147521973}, {""page"": 4, ""chunk"": ""page-4-chunk-1"", ""retrieval_score"": 0.512516975402832, ""rerank_score"": 0.30321574211120605}]",
E07,"Figure 1에서 model size와 Reading Comprehension, Translation, Summarization, Question Answering 성능 사이의 관계를 비교해 주세요.",explicit_visual,gpt2,VISUAL_REQUIRED,2,GPT-2 Figure 1,always_vision,VISUAL_REQUIRED,always_vision strategy,0.0,True,6,920.9241000935435,2578.9879001677036,88.86520005762577,4981.061400379986,1832.0490000769496,10421.463,warm,"Figure 1에 대한 시각적 정보는 제공되지 않았으며, 제공된 문서에서는 Reading Comprehension, Translation, Summarization, Question Answering 성능과 모델 크기 사이의 관계를 직접적으로 비교하는 내용도 포함되어 있지 않습니다. 따라서 이 질문에 대한 정보는 현재 제공된 문서의 증거로는 지원되지 않습니다.","[{""page"": 6, ""chunk"": ""page-6-chunk-1"", ""retrieval_score"": 0.5931702852249146, ""rerank_score"": 0.9059898257255554}, {""page"": 11, ""chunk"": ""page-11-chunk-1"", ""retrieval_score"": 0.5908432006835938, ""rerank_score"": 0.31658050417900085}, {""page"": 10, ""chunk"": ""page-10-chunk-1"", ""retrieval_score"": 0.5720490217208862, ""rerank_score"": 0.21601155400276184}]",
I05,117M에서 1542M까지 모델 크기가 증가할 때 Reading Comprehension과 Question Answering 성능이 각각 어떤 형태로 변화하는지 비교해 주세요.,implicit_visual,gpt2,VISUAL_REQUIRED,2,GPT-2 Figure 1,always_vision,VISUAL_REQUIRED,always_vision strategy,0.0,True,11,904.0283998474479,2559.645799919963,78.02380016073585,4421.554499771446,1699.4587001390755,9681.7058,warm,"제공된 문서의 텍스트 및 시각적 내용에는 117M에서 1542M까지 모델 크기가 증가할 때 Reading Comprehension과 Question Answering 성능의 변화를 비교할 수 있는 수치적, 그래픽적 정보가 포함되어 있지 않습니다. 따라서 이에 대한 구체적인 형태의 변화를 설명할 수 없습니다.","[{""page"": 11, ""chunk"": ""page-11-chunk-1"", ""retrieval_score"": 0.5645643472671509, ""rerank_score"": 0.13117322325706482}, {""page"": 9, ""chunk"": ""page-9-chunk-1"", ""retrieval_score"": 0.5322073101997375, ""rerank_score"": 0.07369627058506012}, {""page"": 13, ""chunk"": ""page-13-chunk-1"", ""retrieval_score"": 0.526482343673706, ""rerank_score"": 0.019419347867369652}]",
I06,모델 크기가 증가할 때 Translation과 Summarization이 동일한 성능 증가 패턴을 보이는지 비교해 주세요.,implicit_visual,gpt2,VISUAL_REQUIRED,2,GPT-2 Figure 1,always_vision,VISUAL_REQUIRED,always_vision strategy,0.0,True,6,899.0940996445715,2573.2799996621907,88.98509992286563,6623.017800040543,4839.000199921429,15042.489,warm,"제공된 문서의 텍스트와 시각적 맥락에 따르면, **Translation**과 **Summarization**이 모델 크기 증가에 따라 동일한 성능 증가 패턴을 보이는지에 대한 직접적인 비교나 데이터는 **제공되지 않았습니다**.

- **Translation**에 대해 문서는 GPT-2가 WMT-14 영어-프랑스 테스트 세트에서 5 BLEU 점수를 얻었다고 언급하지만, **모델 크기 변화에 따른 성능 변화는 언급되지 않았습니다**.
- **Summarization**에 대해서는 **Table 4**에서 다양한 모델의 ROUGE F1 점수가 제시되어 있지만, **모델 크기와 성능 간의 관계는 포함되어 있지 않습니다**.
- **Figure 3**은 Winograd Schema Challenge의 성능을 모델 크기(파라미터 수)에 따라 시각화하고 있지만, **Translation이나 Summarization의 성능 변화는 포함되지 않았습니다**.

따라서, **Translation과 Summarization이 모델 크기 증가에 따라 동일한 성능 증가 패턴을 보이는지에 대한 정보는 현재 제공된 문서의 텍스트와 시각적 맥락에서 도출할 수 없습니다**.","[{""page"": 6, ""chunk"": ""page-6-chunk-1"", ""retrieval_score"": 0.5557233691215515, ""rerank_score"": 0.39326852560043335}, {""page"": 10, ""chunk"": ""page-10-chunk-1"", ""retrieval_score"": 0.5283339619636536, ""rerank_score"": 0.05033063143491745}, {""page"": 22, ""chunk"": ""page-22-chunk-1"", ""retrieval_score"": 0.5319668054580688, ""rerank_score"": 0.027585281059145927}]",
I07,네 가지 zero-shot task 중 모델 크기 증가에 따라 가장 뚜렷하게 지속적인 성능 향상을 보이는 task와 상대적으로 증가가 둔화되는 task를 비교해 주세요.,implicit_visual,gpt2,VISUAL_REQUIRED,2,GPT-2 Figure 1,always_vision,VISUAL_REQUIRED,always_vision strategy,0.0,True,2,895.4174998216331,2566.2111998535693,97.56179992109537,6459.557299967855,3436.249999795109,13473.8163,warm,"네 가지 zero-shot task 중 모델 크기 증가에 따라 가장 뚜렷하게 지속적인 성능 향상을 보이는 task는 **Reading Comprehension**입니다. 모델 크기가 117M에서 1542M으로 증가함에 따라 F1 점수가 30에서 60으로 꾸준히 상승하며, 가장 뚜렷한 성능 향상을 보였습니다.

상대적으로 증가가 둔화된 task는 **Question Answering**입니다. 정확도는 0에서 4로 증가했으나, 762M 이후에는 거의 정체되었습니다.

이 비교는 Reading Comprehension이 모델 크기 증가에 따라 지속적으로 개선되는 반면, Question Answering은 크기 증가에도 불구하고 성능 향상이 제한적임을 보여줍니다.","[{""page"": 2, ""chunk"": ""page-2-chunk-1"", ""retrieval_score"": 0.5741181969642639, ""rerank_score"": 0.9441768527030945}, {""page"": 9, ""chunk"": ""page-9-chunk-1"", ""retrieval_score"": 0.543166995048523, ""rerank_score"": 0.4797474145889282}, {""page"": 3, ""chunk"": ""page-3-chunk-1"", ""retrieval_score"": 0.537469744682312, ""rerank_score"": 0.0838903859257698}]",
